21,33031822,GG,GG,GT,GG,GT,GT
21,33031927,CG,CG,CG,GG,CG,CG
21,33031974,AA,AA,AA,AG,AG,AG
21,33031993,GG,GA,GG,AG,AG,AG
21,33031996,CC,CC,CC,CC,CG,CG
21,33032035,AA,AA,AA,AA,AT,AT
21,33032287,CC,GC,CC,CC,CC,CC
21,33032513,GG,GG,GG,GT,GG,GT
21,33032617,CC,CT,CT,CT,CT,TT
21,33032857,CT,CC,CC,TT,TT,TT
21,33032895,CG,GG,CG,GG,GG,GG
21,33032896,GT,TT,GT,GG,GG,GG
21,33032988,AC,AC,CC,AA,AC,AA
21,33033001,CG,CG,CG,CC,CC,CC
21,33033026,AG,GG,AG,AA,AA,AG
21,33033070,AG,AG,AG,GG,GG,GG
21,33033082,CG,CG,CG,CC,CC,CC
21,33033399,AG,AG,AG,AA,AA,AG
21,33033650,TT,TT,TT,TT,AA,AT
21,33033723,CT,CT,CT,TT,TT,TT
21,33033828,CT,CT,CT,CT,CC,CT
21,33033873,GG,GG,GG,GG,GG,GG
21,33034023,AG,GG,AG,AG,AG,AG
21,33034082,CG,CG,CG,CG,CG,CG
21,33034103,CG,CG,CG,CG,CG,CG
21,33034171,AG,AA,AG,AG,AG,AG
21,33034175,AC,AC,AC,AC,AC,AC
21,33034245,AC,AC,AC,CC,AC,AC
21,33034279,AC,AC,AC,AC,AA,AA
21,33034370,GG,AG,AG,AG,AG,AG
21,33034385,CG,CG,CG,CG,GG,CG
21,33034448,CT,CT,CT,CT,CT,CT
21,33034657,AG,AG,AG,GG,GG,AG
21,33034731,AC,CC,AC,AC,AC,AC
21,33034749,AG,AG,GG,AG,AG,AG
21,33034791,GT,TT,GT,GT,GT,GT
21,33034892,AG,AG,AG,GG,AG,AG
21,33035007,CT,TT,CT,CT,CT,CT
21,33035107,CT,CT,CT,CT,CT,CT
21,33035185,AG,GG,AG,AG,AG,AG
21,33035381,CG,CG,CG,CG,CG,CG
21,33035601,CT,CT,GT,CT,CT,CT
21,33035611,CT,CT,CT,CC,CT,CT
21,33035656,AG,AG,AG,GG,AG,AG
21,33035730,AG,AG,AG,AG,AG,AG
21,33035740,GT,GT,GT,GT,TT,GT
21,33035963,CG,CC,CG,CG,CG,CG
21,33035995,AT,AT,AT,AT,AA,AT
21,33036391,GT,GT,GT,TT,GT,GT
21,33036441,CT,CT,CT,CT,CT,CT
21,33036476,GT,GT,GT,GT,GT,GT
21,33036493,CT,CT,CT,CC,CT,CT
21,33036529,AG,AG,AG,AG,AA,AG
21,33036561,CG,CG,CG,GG,CG,CG
21,33036899,AG,AG,AG,AG,AG,AG
21,33036950,CG,CG,CG,GG,CG,CG
21,33036954,CT,TT,CT,CT,CT,CT
21,33037032,CT,CT,CT,CC,CT,CT
21,33037089,AG,AG,AG,AG,GG,AG
21,33037143,GG,AG,AG,AG,AG,AG
21,33037150,CG,CC,CG,CG,CG,CG
21,33037171,AC,AC,AC,AC,AA,AC
21,33037175,AT,AT,AT,AT,AT,AA
21,33037177,CT,CT,CT,CT,CT,CT
21,33037346,CG,CG,CG,CG,CG,GG
21,33037481,AT,AT,AT,AT,AT,AT
21,33037482,AT,TT,AT,AT,AT,AT
21,33037564,AG,AG,AG,AG,AG,AG
21,33037633,GT,GT,GT,GT,GT,GT
21,33037638,AG,TG,AG,AG,AG,AG
21,33037786,AG,AG,AG,AG,AG,AG
21,33037870,CT,TT,CT,CT,CT,CT
21,33037876,CT,CT,CC,CT,CT,CT
21,33037958,CC,CT,CT,CT,CT,CT
21,33038065,AG,AG,AG,AG,AG,AG
21,33038142,CT,CC,CT,CT,CT,CT
21,33038188,AG,AG,AG,GG,AG,AG
21,33038347,AC,AC,AC,AC,AC,AC
21,33038402,TT,AT,AT,AT,AT,AT
21,33038432,AG,AG,AG,AG,AA,AG
21,33038566,AT,AT,AT,AA,AT,AT
21,33038575,CG,CG,CG,CG,CG,CG
21,33038581,TT,CT,CT,CT,CT,CT
21,33038629,CG,CG,CG,CG,CG,CG
21,33038675,CT,CT,CT,CT,CT,CT
21,33038706,CT,CT,CT,CC,CT,CT
21,33038742,CT,CT,CT,CT,CT,CT
21,33038865,AC,AC,AC,AC,AC,AC
21,33039038,CT,CT,CT,CT,CT,CC
21,33039039,AG,AA,AG,AG,AG,AG
21,33039074,AG,GG,AG,AG,AG,AG
21,33039206,AG,AG,AG,AG,AG,AG
21,33039320,AG,AG,AG,AG,AG,AG
21,33039407,AG,AA,AG,AG,AG,AG
21,33039506,CG,CG,CG,CG,CG,CG
21,33039603,AC,AC,AC,AA,AC,AC
21,33039697,CT,CC,CT,CT,CT,CT
21,33039826,CC,CT,CT,CT,CT,CT
21,33039917,CT,CT,CT,CT,CT,CT
21,33040004,GT,GT,GT,GT,GG,GT
21,33040029,AG,AG,AG,AG,GG,AG
21,33040063,CT,CT,CT,CC,CT,CT
21,33040157,AC,AC,AC,AC,AC,AC
21,33040162,CT,CT,CT,TT,CT,CT
21,33040357,CT,CT,CT,CT,CT,CT
21,33040365,CT,CT,CT,CT,CT,TT
21,33040371,CT,CT,TT,CT,CT,CT
21,33040475,GT,GT,GT,GT,GT,TT
21,33040497,AG,AG,AG,AG,GG,AG
21,33040511,AG,AG,AG,AG,AG,AG
21,33040596,CT,CC,CT,CT,CT,CT
21,33040654,GG,CG,CG,CG,CG,CG
21,33041044,GT,GT,GT,GT,GT,GT
21,33041208,CT,CT,CC,CT,CT,CT
21,33041230,CT,CT,CT,CT,CC,CT
21,33041263,AT,TT,AT,AT,AT,AT
21,33041352,AT,AT,AT,AT,AT,AA
21,33041504,AG,AG,AA,AG,AG,AG
21,33041560,AC,AC,AC,AC,AC,AC
